KEY,Recovered,Confirmed,Deaths,Latitude,Longitude,Month,Country/Region,Province/State
'30.9756112.2707',141,5806,204,30.9756,112.2707,January,Mainland China,Hubei
'23.3417113.4244',11,436,,23.3417,113.4244,January,Mainland China,Guangdong
'33.882113.614',3,352,2,33.882,113.614,January,Mainland China,Henan
'36128',,11,,36,128,January,South Korea,Unknown
'29.1832120.0934',14,538,,29.1832,120.0934,January,Mainland China,Zhejiang
'27.6104111.7088',2,332,,27.6104,111.7088,January,Mainland China,Hunan
'31.8257117.2264',3,237,,31.8257,117.2264,January,Mainland China,Anhui
'27.614115.7221',7,240,,27.614,115.7221,January,Mainland China,Jiangxi
'36.3427118.1498',2,184,,36.3427,118.1498,January,Mainland China,Shandong
'32.9711119.455',5,168,,32.9711,119.455,January,Mainland China,Jiangsu
'30.0572107.874',1,211,,30.0572,107.874,January,Mainland China,Chongqing
'30.6171102.7103',1,177,1,30.6171,102.7103,January,Mainland China,Sichuan
'47.862127.7615',,59,2,47.862,127.7615,January,Mainland China,Heilongjiang
'4312',0,2,0,43,12,January,Italy,Unknown
'40.1824116.4142',5,139,1,40.1824,116.4142,January,Mainland China,Beijing
'31.202121.4491',9,135,1,31.202,121.4491,January,Mainland China,Shanghai
'38.0428114.5149',,82,1,38.0428,114.5149,January,Mainland China,Hebei
'26.0789117.9874',,120,,26.0789,117.9874,January,Mainland China,Fujian
'23.8298108.7881',2,87,,23.8298,108.7881,January,Mainland China,Guangxi
'35.1917108.8701',,87,,35.1917,108.8701,January,Mainland China,Shaanxi
'36138',1,15,,36,138,January,Japan,Unknown
'24.974101.487',1,83,,24.974,101.487,January,Mainland China,Yunnan
'19.1959109.7453',1,52,1,19.1959,109.7453,January,Mainland China,Hainan
'26.8154106.8748',2,29,0,26.8154,106.8748,January,Mainland China,Guizhou
'39.3054117.323',,32,,39.3054,117.323,January,Mainland China,Tianjin
'37.5777112.2922',1,39,,37.5777,112.2922,January,Mainland China,Shanxi
'41.2956122.6085',1,48,,41.2956,122.6085,January,Mainland China,Liaoning
'43.6661126.1923',1,14,,43.6661,126.1923,January,Mainland China,Jilin
'1.2833103.8333',,13,,1.2833,103.8333,January,Singapore,Unknown
'22.3114.2',,12,,22.3,114.2,January,Hong Kong,Hong Kong
'36.0611103.8343',,29,,36.0611,103.8343,January,Mainland China,Gansu
'41.112985.2401',,17,,41.1129,85.2401,January,Mainland China,Xinjiang
'44.0935113.9448',1,20,,44.0935,113.9448,January,Mainland China,Inner Mongolia
'37.2692106.1655',,21,,37.2692,106.1655,January,Mainland China,Ningxia
'15101',5,19,0,15,101,January,Thailand,Unknown
'23.7121',0,10,0,23.7,121,January,Taiwan,Taiwan
'519',,5,,51,9,January,Germany,Unknown
'2.5112.5',0,8,0,2.5,112.5,January,Malaysia,Unknown
'472',,5,,47,2,January,France,Unknown
'35.745295.9956',,8,,35.7452,95.9956,January,Mainland China,Qinghai
'16108',,2,,16,108,January,Vietnam,Unknown
'55-3',,2,,55,-3,January,UK,Unknown
'2454',0,4,0,24,54,January,United Arab Emirates,Unknown
'22.1667113.55',0,7,0,22.1667,113.55,January,Macau,Macau
'49.2827-123.1207',,1,,49.2827,-123.1207,January,Canada,British Columbia
'-28.0167153.4',,3,,-28.0167,153.4,January,Australia,Queensland
'-33.8688151.2093',2,4,,-33.8688,151.2093,January,Australia,New South Wales
'-37.8136144.9631',,3,,-37.8136,144.9631,January,Australia,Victoria
'2178',0,1,0,21,78,January,India,Unknown
'13122',,1,,13,122,January,Philippines,Unknown
'6426',0,1,0,64,26,January,Finland,Unknown
'6090',0,2,0,60,90,January,Russia,Unknown
'6316',,1,,63,16,January,Sweden,Unknown
'-14.235-51.9253',,,,-14.235,-51.9253,January,Brazil,Unknown
'11.55104.9167',0,1,0,11.55,104.9167,January,Cambodia,Unknown
'31.692788.0924',,1,,31.6927,88.0924,January,Mainland China,Tibet
'28.166784.25',0,1,0,28.1667,84.25,January,Nepal,Unknown
'781',0,1,0,7,81,January,Sri Lanka,Unknown
'38.2721-121.9399',,1,,38.2721,-121.9399,January,US,"Travis, CA (From Diamond Princess)"
'47.4009-121.4905',,1,,47.4009,-121.4905,January,US,Washington
'36.1162-119.6816',,2,,36.1162,-119.6816,January,US,California
'51.2538-85.3232',,2,,51.2538,-85.3232,January,Canada,Ontario
'40.3495-88.9861',,2,,40.3495,-88.9861,January,US,Illinois
'23-102',,,,23,-102,January,Mexico,Unknown
'33.7298-111.4312',,1,,33.7298,-111.4312,January,US,Arizona
'4.5709-74.2973',,,,4.5709,-74.2973,January,Colombia,Unknown
'-12.4634130.8456',,4,,-12.4634,130.8456,January,Australia,Northern Territory
'30.9756112.2707',28993,66337,2727,30.9756,112.2707,February,Mainland China,Hubei
'23.3417113.4244',983,1349,7,23.3417,113.4244,February,Mainland China,Guangdong
'33.882113.614',1170,1272,21,33.882,113.614,February,Mainland China,Henan
'36128',27,3150,16,36,128,February,South Korea,Unknown
'29.1832120.0934',1016,1205,1,29.1832,120.0934,February,Mainland China,Zhejiang
'27.6104111.7088',846,1018,4,27.6104,111.7088,February,Mainland China,Hunan
'31.8257117.2264',868,990,6,31.8257,117.2264,February,Mainland China,Anhui
'27.614115.7221',811,935,1,27.614,115.7221,February,Mainland China,Jiangxi
'36.3427118.1498',421,756,6,36.3427,118.1498,February,Mainland China,Shandong
'35.4437139.638',10,705,6,35.4437,139.638,February,Others,Diamond Princess cruise ship
'32.9711119.455',523,631,0,32.9711,119.455,February,Mainland China,Jiangsu
'30.0572107.874',438,576,6,30.0572,107.874,February,Mainland China,Chongqing
'30.6171102.7103',351,538,3,30.6171,102.7103,February,Mainland China,Sichuan
'47.862127.7615',301,480,13,47.862,127.7615,February,Mainland China,Heilongjiang
'4312',46,1128,29,43,12,February,Italy,Unknown
'40.1824116.4142',271,411,8,40.1824,116.4142,February,Mainland China,Beijing
'31.202121.4491',287,337,3,31.202,121.4491,February,Mainland China,Shanghai
'38.0428114.5149',282,318,6,38.0428,114.5149,February,Mainland China,Hebei
'26.0789117.9874',243,296,1,26.0789,117.9874,February,Mainland China,Fujian
'23.8298108.7881',176,252,2,23.8298,108.7881,February,Mainland China,Guangxi
'35.1917108.8701',207,245,1,35.1917,108.8701,February,Mainland China,Shaanxi
'36138',32,241,5,36,138,February,Japan,Unknown
'24.974101.487',157,174,2,24.974,101.487,February,Mainland China,Yunnan
'19.1959109.7453',148,168,5,19.1959,109.7453,February,Mainland China,Hainan
'26.8154106.8748',112,146,2,26.8154,106.8748,February,Mainland China,Guizhou
'3253',123,593,43,32,53,February,Iran,Unknown
'39.3054117.323',109,136,3,39.3054,117.323,February,Mainland China,Tianjin
'37.5777112.2922',114,133,0,37.5777,112.2922,February,Mainland China,Shanxi
'41.2956122.6085',96,121,1,41.2956,122.6085,February,Mainland China,Liaoning
'43.6661126.1923',75,93,1,43.6661,126.1923,February,Mainland China,Jilin
'1.2833103.8333',72,102,0,1.2833,103.8333,February,Singapore,Unknown
'22.3114.2',33,95,2,22.3,114.2,February,Hong Kong,Hong Kong
'36.0611103.8343',82,91,2,36.0611,103.8343,February,Mainland China,Gansu
'41.112985.2401',62,76,3,41.1129,85.2401,February,Mainland China,Xinjiang
'44.0935113.9448',49,75,0,44.0935,113.9448,February,Mainland China,Inner Mongolia
'37.2692106.1655',69,73,0,37.2692,106.1655,February,Mainland China,Ningxia
'15101',28,42,0,15,101,February,Thailand,Unknown
'26.027550.55',0,41,0,26.0275,50.55,February,Bahrain,Unknown
'23.7121',9,39,1,23.7,121,February,Taiwan,Taiwan
'519',16,79,0,51,9,February,Germany,Unknown
'29.547.75',0,45,0,29.5,47.75,February,Kuwait,Unknown
'2.5112.5',18,25,0,2.5,112.5,February,Malaysia,Unknown
'472',12,100,2,47,2,February,France,Unknown
'35.745295.9956',18,18,0,35.7452,95.9956,February,Mainland China,Qinghai
'16108',16,16,0,16,108,February,Vietnam,Unknown
'40-4',2,45,0,40,-4,February,Spain,Unknown
'55-3',8,23,0,55,-3,February,UK,Unknown
'2454',5,21,0,24,54,February,United Arab Emirates,Unknown
'22.1667113.55',8,10,0,22.1667,113.55,February,Macau,Macau
'49.2827-123.1207',3,8,0,49.2827,-123.1207,February,Canada,British Columbia
'-28.0167153.4',1,9,0,-28.0167,153.4,February,Australia,Queensland
'3344',0,13,0,33,44,February,Iraq,Unknown
'-33.8688151.2093',4,4,0,-33.8688,151.2093,February,Australia,New South Wales
'-37.8136144.9631',4,7,0,-37.8136,144.9631,February,Australia,Victoria
'2157',1,6,0,21,57,February,Oman,Unknown
'43.6532-79.3832',2,10,0,43.6532,-79.3832,February,Canada,"Toronto, ON"
'45.166715.5',0,6,0,45.1667,15.5,February,Croatia,Unknown
'2178',3,3,0,21,78,February,India,Unknown
'13122',1,3,1,13,122,February,Philippines,Unknown
'-34.9285138.6007',2,3,0,-34.9285,138.6007,February,Australia,South Australia
'47.516214.5501',0,9,0,47.5162,14.5501,February,Austria,Unknown
'6426',1,3,0,64,26,February,Finland,Unknown
'3135',1,7,0,31,35,February,Israel,Unknown
'33.854735.8623',0,4,0,33.8547,35.8623,February,Lebanon,Unknown
'30.375369.3451',0,4,0,30.3753,69.3451,February,Pakistan,Unknown
'6090',2,2,0,60,90,February,Russia,Unknown
'6316',0,12,0,63,16,February,Sweden,Unknown
'41.8781-87.6298',2,2,0,41.8781,-87.6298,February,US,"Chicago, IL"
'36.5761-120.9876',0,2,0,36.5761,-120.9876,February,US,"San Benito, CA"
'32.7157-117.1611',1,2,0,32.7157,-117.1611,February,US,"San Diego County, CA"
'37.3541-121.9552',1,3,0,37.3541,-121.9552,February,US,"Santa Clara, CA"
'3365',0,1,0,33,65,February,Afghanistan,Unknown
'28.03391.6596',0,1,0,28.0339,1.6596,February,Algeria,Unknown
'50.83334',1,1,0,50.8333,4,February,Belgium,Unknown
'-14.235-51.9253',0,2,0,-14.235,-51.9253,February,Brazil,Unknown
'11.55104.9167',1,1,0,11.55,104.9167,February,Cambodia,Unknown
'42.9849-81.2453',1,1,0,42.9849,-81.2453,February,Canada,"London, ON"
'2630',1,1,0,26,30,February,Egypt,Unknown
'42.315443.3569',0,1,0,42.3154,43.3569,February,Georgia,Unknown
'39.074221.8243',0,4,0,39.0742,21.8243,February,Greece,Unknown
'31.692788.0924',1,1,0,31.6927,88.0924,February,Mainland China,Tibet
'28.166784.25',1,1,0,28.1667,84.25,February,Nepal,Unknown
'41.608621.7453',0,1,0,41.6086,21.7453,February,North Macedonia,Unknown
'60.4728.4689',0,15,0,60.472,8.4689,February,Norway,Unknown
'4625',0,3,0,46,25,February,Romania,Unknown
'781',1,1,0,7,81,February,Sri Lanka,Unknown
'46.81828.2275',0,18,0,46.8182,8.2275,February,Switzerland,Unknown
'42.3601-71.0589',1,1,0,42.3601,-71.0589,February,US,"Boston, MA"
'40.745-123.8695',0,1,0,40.745,-123.8695,February,US,"Humboldt County, CA"
'34.0522-118.2437',0,1,0,34.0522,-118.2437,February,US,"Los Angeles, CA"
'43.0731-89.4012',0,1,0,43.0731,-89.4012,February,US,"Madison, WI"
'33.7879-117.8531',0,1,0,33.7879,-117.8531,February,US,"Orange, CA"
'38.4747-121.3542',0,2,0,38.4747,-121.3542,February,US,"Sacramento County, CA"
'29.4241-98.4936',0,1,0,29.4241,-98.4936,February,US,"San Antonio, TX"
'47.6062-122.3321',1,6,1,47.6062,-122.3321,February,US,"Seattle, WA"
'33.4255-111.94',1,1,0,33.4255,-111.94,February,US,"Tempe, AZ"
'29.3829-98.6134',0,2,0,29.3829,-98.6134,February,US,"Lackland, TX (From Diamond Princess)"
'41.2545-95.9758',0,11,0,41.2545,-95.9758,February,US,"Omaha, NE (From Diamond Princess)"
'38.2721-121.9399',0,11,0,38.2721,-121.9399,February,US,"Travis, CA (From Diamond Princess)"
'56.26399.5018',0,3,0,56.2639,9.5018,February,Denmark,Unknown
'58.595325.0136',0,1,0,58.5953,25.0136,February,Estonia,Unknown
'52.13265.2913',0,6,0,52.1326,5.2913,February,Netherlands,Unknown
'43.942412.4578',0,1,0,43.9424,12.4578,February,San Marino,Unknown
'64.9631-19.0208',0,1,0,64.9631,-19.0208,February,Iceland,Unknown
'51.2538-85.3232',0,3,0,51.2538,-85.3232,February,Canada,Ontario
'53.4167-8',0,1,0,53.4167,-8,February,Ireland,Unknown
'25.354851.1839',0,1,0,25.3548,51.1839,February,Qatar,Unknown
'53.709827.9534',0,1,0,53.7098,27.9534,February,Belarus,Unknown
'23-102',0,4,0,23,-102,February,Mexico,Unknown
'-31.9505115.8605',0,2,0,-31.9505,115.8605,February,Australia,Western Australia
'49.81446.1317',0,1,0,49.8144,6.1317,February,Luxembourg,Unknown
'-40.9006174.886',0,1,0,-40.9006,174.886,February,New Zealand,Unknown
'9.0828.6753',0,1,0,9.082,8.6753,February,Nigeria,Unknown
'55.169423.8813',0,1,0,55.1694,23.8813,February,Lithuania,Unknown
'43.73337.4167',0,1,0,43.7333,7.4167,February,Monaco,Unknown
'48.033-121.8339',0,1,0,48.033,-121.8339,February,US,"Snohomish County, WA"
'45.5017-73.5673',0,1,0,45.5017,-73.5673,February,Canada," Montreal, QC"
'45.5051-122.675',0,1,0,45.5051,-122.675,February,US,"Portland, OR"
'30.9756112.2707',58382,67800,3133,30.9756,112.2707,March,Mainland China,Hubei
'23.3417113.4244',1323,1395,8,23.3417,113.4244,March,Mainland China,Guangdong
'33.882113.614',1250,1273,22,33.882,113.614,March,Mainland China,Henan
'36128',247,7513,54,36,128,March,South Korea,Unknown
'29.1832120.0934',1219,1234,1,29.1832,120.0934,March,Mainland China,Zhejiang
'27.6104111.7088',1014,1018,4,27.6104,111.7088,March,Mainland China,Hunan
'31.8257117.2264',984,990,6,31.8257,117.2264,March,Mainland China,Anhui
'27.614115.7221',934,935,1,27.614,115.7221,March,Mainland China,Jiangxi
'36.3427118.1498',748,762,7,36.3427,118.1498,March,Mainland China,Shandong
'35.4437139.638',325,712,7,35.4437,139.638,March,Others,Diamond Princess cruise ship
'32.9711119.455',631,631,0,32.9711,119.455,March,Mainland China,Jiangsu
'30.0572107.874',570,576,6,30.0572,107.874,March,Mainland China,Chongqing
'30.6171102.7103',536,541,3,30.6171,102.7103,March,Mainland China,Sichuan
'47.862127.7615',463,484,13,47.862,127.7615,March,Mainland China,Heilongjiang
'4312',4440,47021,4032,43,12,March,Italy,Unknown
'40.1824116.4142',390,491,8,40.1824,116.4142,March,Mainland China,Beijing
'31.202121.4491',326,371,3,31.202,121.4491,March,Mainland China,Shanghai
'38.0428114.5149',310,318,6,38.0428,114.5149,March,Mainland China,Hebei
'26.0789117.9874',295,299,1,26.0789,117.9874,March,Mainland China,Fujian
'23.8298108.7881',250,254,2,23.8298,108.7881,March,Mainland China,Guangxi
'35.1917108.8701',237,247,3,35.1917,108.8701,March,Mainland China,Shaanxi
'36138',191,963,33,36,138,March,Japan,Unknown
'24.974101.487',172,176,2,24.974,101.487,March,Mainland China,Yunnan
'19.1959109.7453',161,168,6,19.1959,109.7453,March,Mainland China,Hainan
'26.8154106.8748',144,147,2,26.8154,106.8748,March,Mainland China,Guizhou
'3253',6745,19644,1433,32,53,March,Iran,Unknown
'39.3054117.323',133,137,3,39.3054,117.323,March,Mainland China,Tianjin
'37.5777112.2922',133,133,0,37.5777,112.2922,March,Mainland China,Shanxi
'41.2956122.6085',122,126,2,41.2956,122.6085,March,Mainland China,Liaoning
'43.6661126.1923',92,93,1,43.6661,126.1923,March,Mainland China,Jilin
'1.2833103.8333',124,385,0,1.2833,103.8333,March,Singapore,Unknown
'22.3114.2',98,256,4,22.3,114.2,March,Hong Kong,Hong Kong
'36.0611103.8343',98,134,2,36.0611,103.8343,March,Mainland China,Gansu
'41.112985.2401',73,76,3,41.1129,85.2401,March,Mainland China,Xinjiang
'44.0935113.9448',74,75,1,44.0935,113.9448,March,Mainland China,Inner Mongolia
'37.2692106.1655',75,75,0,37.2692,106.1655,March,Mainland China,Ningxia
'15101',42,322,1,15,101,March,Thailand,Unknown
'26.027550.55',100,285,1,26.0275,50.55,March,Bahrain,Unknown
'23.7121',26,135,2,23.7,121,March,Taiwan,Taiwan
'519',180,19848,67,51,9,March,Germany,Unknown
'29.547.75',18,159,0,29.5,47.75,March,Kuwait,Unknown
'2.5112.5',87,1030,3,2.5,112.5,March,Malaysia,Unknown
'472',12,1784,33,47,2,March,France,Unknown
'35.745295.9956',18,18,0,35.7452,95.9956,March,Mainland China,Qinghai
'16108',16,91,0,16,108,March,Vietnam,Unknown
'40-4',1588,20410,1043,40,-4,March,Spain,Unknown
'55-3',18,382,6,55,-3,March,UK,Unknown
'2454',31,140,2,24,54,March,United Arab Emirates,Unknown
'22.1667113.55',10,17,0,22.1667,113.55,March,Macau,Macau
'49.2827-123.1207',4,271,8,49.2827,-123.1207,March,Canada,British Columbia
'-28.0167153.4',8,184,0,-28.0167,153.4,March,Australia,Queensland
'3344',49,208,17,33,44,March,Iraq,Unknown
'-33.8688151.2093',4,353,6,-33.8688,151.2093,March,Australia,New South Wales
'-37.8136144.9631',8,121,0,-37.8136,144.9631,March,Australia,Victoria
'2157',12,48,0,21,57,March,Oman,Unknown
'43.6532-79.3832',3,28,0,43.6532,-79.3832,March,Canada,"Toronto, ON"
'45.166715.5',5,128,1,45.1667,15.5,March,Croatia,Unknown
'2178',20,244,5,21,78,March,India,Unknown
'13122',8,230,19,13,122,March,Philippines,Unknown
'-34.9285138.6007',3,50,0,-34.9285,138.6007,March,Australia,South Australia
'47.516214.5501',9,2388,6,47.5162,14.5501,March,Austria,Unknown
'6426',10,450,0,64,26,March,Finland,Unknown
'3135',14,705,0,31,35,March,Israel,Unknown
'33.854735.8623',4,163,4,33.8547,35.8623,March,Lebanon,Unknown
'30.375369.3451',13,501,3,30.3753,69.3451,March,Pakistan,Unknown
'6090',9,253,1,60,90,March,Russia,Unknown
'6316',16,1639,16,63,16,March,Sweden,Unknown
'41.8781-87.6298',2,3,0,41.8781,-87.6298,March,US,"Chicago, IL"
'32.7157-117.1611',1,3,0,32.7157,-117.1611,March,US,"San Diego County, CA"
'37.3541-121.9552',1,38,0,37.3541,-121.9552,March,US,"Santa Clara, CA"
'3365',1,24,0,33,65,March,Afghanistan,Unknown
'28.03391.6596',32,90,11,28.0339,1.6596,March,Algeria,Unknown
'50.83334',31,2257,37,50.8333,4,March,Belgium,Unknown
'-14.235-51.9253',2,793,11,-14.235,-51.9253,March,Brazil,Unknown
'11.55104.9167',1,51,0,11.55,104.9167,March,Cambodia,Unknown
'2630',39,285,8,26,30,March,Egypt,Unknown
'42.315443.3569',1,43,0,42.3154,43.3569,March,Georgia,Unknown
'39.074221.8243',19,495,6,39.0742,21.8243,March,Greece,Unknown
'31.692788.0924',1,1,0,31.6927,88.0924,March,Mainland China,Tibet
'28.166784.25',1,1,0,28.1667,84.25,March,Nepal,Unknown
'41.608621.7453',1,67,0,41.6086,21.7453,March,North Macedonia,Unknown
'60.4728.4689',1,1914,7,60.472,8.4689,March,Norway,Unknown
'4625',25,308,0,46,25,March,Romania,Unknown
'781',3,73,0,7,81,March,Sri Lanka,Unknown
'46.81828.2275',15,5294,54,46.8182,8.2275,March,Switzerland,Unknown
'42.3601-71.0589',1,8,0,42.3601,-71.0589,March,US,"Boston, MA"
'34.0522-118.2437',0,14,0,34.0522,-118.2437,March,US,"Los Angeles, CA"
'43.0731-89.4012',1,1,0,43.0731,-89.4012,March,US,"Madison, WI"
'33.7879-117.8531',0,4,0,33.7879,-117.8531,March,US,"Orange, CA"
'47.6062-122.3321',1,9,1,47.6062,-122.3321,March,US,"Seattle, WA"
'56.26399.5018',1,1255,9,56.2639,9.5018,March,Denmark,Unknown
'58.595325.0136',1,283,0,58.5953,25.0136,March,Estonia,Unknown
'52.13265.2913',2,2994,106,52.1326,5.2913,March,Netherlands,Unknown
'43.942412.4578',4,144,14,43.9424,12.4578,March,San Marino,Unknown
'47.4009-121.4905',1,1524,83,47.4009,-121.4905,March,US,Washington
'42.1657-74.9481',0,8310,42,42.1657,-74.9481,March,US,New York
'36.1162-119.6816',6,1177,23,36.1162,-119.6816,March,US,California
'42.2302-71.5301',1,413,1,42.2302,-71.5301,March,US,Massachusetts
'64.9631-19.0208',8,409,5,64.9631,-19.0208,March,Iceland,Unknown
'49.817515.473',4,833,0,49.8175,15.473,March,Czech Republic,Unknown
'39.3999-8.2245',5,1020,6,39.3999,-8.2245,March,Portugal,Unknown
'51.2538-85.3232',5,308,2,51.2538,-85.3232,March,Canada,Ontario
'53.4167-8',5,683,3,53.4167,-8,March,Ireland,Unknown
'46.151214.9955',0,341,1,46.1512,14.9955,March,Slovenia,Unknown
'-0.7893113.9213',15,369,32,-0.7893,113.9213,March,Indonesia,Unknown
'31.952235.2332',0,25,0,31.9522,35.2332,March,occupied Palestinian territory,Unknown
'25.354851.1839',10,470,0,25.3548,51.1839,March,Qatar,Unknown
'51.919419.1451',13,425,5,51.9194,19.1451,March,Poland,Unknown
'37.6489-122.6655',0,23,0,37.6489,-122.6655,March,US,Grand Princess
'2445',8,344,0,24,45,March,Saudi Arabia,Unknown
'-38.4161-63.6167',3,128,3,-38.4161,-63.6167,March,Argentina,Unknown
'33.0406-83.6431',0,420,13,33.0406,-83.6431,March,US,Georgia
'-1.8312-78.1834',0,367,5,-1.8312,-78.1834,March,Ecuador,Unknown
'39.0598-105.3111',0,363,4,39.0598,-105.3111,March,US,Colorado
'27.7663-81.6868',0,563,10,27.7663,-81.6868,March,US,Florida
'40.2989-74.521',1,890,11,40.2989,-74.521,March,US,New Jersey
'44.572-122.0709',0,114,3,44.572,-122.0709,March,US,Oregon
'-35.6751-71.543',6,434,0,-35.6751,-71.543,March,Chile,Unknown
'31.0545-97.5635',0,394,5,31.0545,-97.5635,March,US,Texas
'40.3495-88.9861',2,585,5,40.3495,-88.9861,March,US,Illinois
'40.5908-77.2098',0,303,1,40.5908,-77.2098,March,US,Pennsylvania
'40.143147.5769',6,44,1,40.1431,47.5769,March,Azerbaijan,Unknown
'-9.19-75.0152',1,234,3,-9.19,-75.0152,March,Peru,Unknown
'41.153320.1683',0,70,2,41.1533,20.1683,March,Albania,Unknown
'53.709827.9534',5,69,0,53.7098,27.9534,March,Belarus,Unknown
'9.7489-83.7534',0,89,1,9.7489,-83.7534,March,Costa Rica,Unknown
'47.162519.5033',2,85,3,47.1625,19.5033,March,Hungary,Unknown
'56.879624.6032',1,111,0,56.8796,24.6032,March,Latvia,Unknown
'42.0115-93.2105',0,45,0,42.0115,-93.2105,March,US,Iowa
'39.0639-76.8021',3,149,1,39.0639,-76.8021,March,US,Maryland
'53.9333-116.5765',0,146,1,53.9333,-116.5765,March,Canada,Alberta
'23-102',4,164,1,23,-102,March,Mexico,Unknown
'48.66919.699',0,137,1,48.669,19.699,March,Slovakia,Unknown
'-30.559522.9375',0,202,0,-30.5595,22.9375,March,South Africa,Unknown
'35.6301-79.8064',0,172,0,35.6301,-79.8064,March,US,North Carolina
'33.8569-80.945',0,126,1,33.8569,-80.945,March,US,South Carolina
'35.7478-86.6923',0,233,0,35.7478,-86.6923,March,US,Tennessee
'37.7693-78.17',0,122,2,37.7693,-78.17,March,US,Virginia
'-31.9505115.8605',0,64,1,-31.9505,115.8605,March,Australia,Western Australia
'3.202873.2207',0,13,0,3.2028,73.2207,March,Maldives,Unknown
'33.7298-111.4312',1,78,0,33.7298,-111.4312,March,US,Arizona
'39.8494-86.2583',0,86,2,39.8494,-86.2583,March,US,Indiana
'37.6681-84.6701',1,47,2,37.6681,-84.6701,March,US,Kentucky
'43.915917.6791',2,89,0,43.9159,17.6791,March,Bosnia and Herzegovina,Unknown
'18.7357-70.1627',0,72,2,18.7357,-70.1627,March,Dominican Republic,Unknown
'3.9339-53.1258',0,15,0,3.9339,-53.1258,March,French Guiana,Unknown
'49.81446.1317',0,484,4,49.8144,6.1317,March,Luxembourg,Unknown
'35.937514.3754',2,64,0,35.9375,14.3754,March,Malta,Unknown
'-40.9006174.886',0,39,0,-40.9006,174.886,March,New Zealand,Unknown
'44.016521.0059',1,135,1,44.0165,21.0059,March,Serbia,Unknown
'33.88699.5375',0,54,1,33.8869,9.5375,March,Tunisia,Unknown
'38.8974-77.0268',0,71,1,38.8974,-77.0268,March,US,District of Columbia
'42.733925.4858',0,127,3,42.7339,25.4858,March,Bulgaria,Unknown
'52.9399-73.5491',0,139,1,52.9399,-73.5491,March,Canada,Quebec
'14.4974-14.4524',2,38,0,14.4974,-14.4524,March,Senegal,Unknown
'38.3135-117.0554',0,114,1,38.3135,-117.0554,March,US,Nevada
'43.4525-71.5639',0,44,0,43.4525,-71.5639,March,US,New Hampshire
'23.68590.3563',3,20,1,23.685,90.3563,March,Bangladesh,Unknown
'4.5709-74.2973',1,128,0,4.5709,-74.2973,March,Colombia,Unknown
'35.126433.4299',0,67,0,35.1264,33.4299,March,Cyprus,Unknown
'31.7917-7.0926',1,77,3,31.7917,-7.0926,March,Morocco,Unknown
'47.411628.3699',1,66,1,47.4116,28.3699,March,Republic of Moldova,Unknown
'45.6945-93.9002',0,115,0,45.6945,-93.9002,March,US,Minnesota
'41.1254-98.2681',0,37,0,41.1254,-98.2681,March,US,Nebraska
'40.3888-82.7649',0,173,2,40.3888,-82.7649,March,US,Ohio
'41.6809-71.5118',0,54,0,41.6809,-71.5118,March,US,Rhode Island
'44.2685-89.6165',1,207,3,44.2685,-89.6165,March,US,Wisconsin
'-41.4545145.9707',3,10,0,-41.4545,145.9707,March,Australia,Tasmania
'3.84811.5021',0,20,0,3.848,11.5021,March,Cameroon,Unknown
'61.8926-6.9118',0,80,0,61.8926,-6.9118,March,Faroe Islands,Unknown
'14.6415-61.0242',0,32,1,14.6415,-61.0242,March,Martinique,Unknown
'9.0828.6753',1,12,0,9.082,8.6753,March,Nigeria,Unknown
'18.0708-63.0501',0,4,0,18.0708,-63.0501,March,Saint Martin,Unknown
'41.5978-72.7554',0,194,3,41.5978,-72.7554,March,US,Connecticut
'21.0943-157.4983',0,26,0,21.0943,-157.4983,March,US,Hawaii
'35.5653-96.9289',0,49,1,35.5653,-96.9289,March,US,Oklahoma
'40.15-111.8624',0,80,0,40.15,-111.8624,March,US,Utah
'42.50631.5218',1,75,0,42.5063,1.5218,March,Andorra,Unknown
'40.069145.0382',1,136,0,40.0691,45.0382,March,Armenia,Unknown
'-12.4634130.8456',0,3,0,-12.4634,130.8456,March,Australia,Northern Territory
'27.514290.4336',0,2,0,27.5142,90.4336,March,Bhutan,Unknown
'4.5353114.7277',1,78,0,4.5353,114.7277,March,Brunei,Unknown
'12.2383-1.5616',0,40,1,12.2383,-1.5616,March,Burkina Faso,Unknown
'49.3723-2.3644',0,14,0,49.3723,-2.3644,March,Channel Islands,Unknown
'36.1408-5.3536',2,10,0,36.1408,-5.3536,March,Gibraltar,Unknown
'41.902912.4534',0,1,0,41.9029,12.4534,March,Holy See,Unknown
'31.2436.51',1,85,0,31.24,36.51,March,Jordan,Unknown
'47.149.55',0,28,0,47.14,9.55,March,Liechtenstein,Unknown
'55.169423.8813',1,49,0,55.1694,23.8813,March,Lithuania,Unknown
'43.73337.4167',0,11,0,43.7333,7.4167,March,Monaco,Unknown
'46.8625103.8467',0,6,0,46.8625,103.8467,March,Mongolia,Unknown
'8.538-80.7821',0,137,1,8.538,-80.7821,March,Panama,Unknown
'-23.4425-58.4438',0,13,0,-23.4425,-58.4438,March,Paraguay,Unknown
'17.9-62.8333',0,3,0,17.9,-62.8333,March,Saint Barthelemy,Unknown
'8.61950.8248',1,9,0,8.6195,0.8248,March,Togo,Unknown
'38.5266-96.7265',0,44,1,38.5266,-96.7265,March,US,Kansas
'31.1695-91.8678',0,538,14,31.1695,-91.8678,March,US,Louisiana
'38.4561-92.2884',0,53,2,38.4561,-92.2884,March,US,Missouri
'44.0459-72.7107',0,29,2,44.0459,-72.7107,March,US,Vermont
'48.379431.1656',0,29,3,48.3794,31.1656,March,Ukraine,Unknown
'61.3707-152.4044',0,12,0,61.3707,-152.4044,March,US,Alaska
'34.9697-92.3731',0,96,0,34.9697,-92.3731,March,US,Arkansas
'39.3185-75.5071',0,38,0,39.3185,-75.5071,March,US,Delaware
'44.2405-114.4788',0,23,0,44.2405,-114.4788,March,US,Idaho
'44.6939-69.3819',0,56,0,44.6939,-69.3819,March,US,Maine
'43.3266-84.5361',0,552,3,43.3266,-84.5361,March,US,Michigan
'32.7416-89.6787',0,80,1,32.7416,-89.6787,March,US,Mississippi
'46.9219-110.4544',0,15,0,46.9219,-110.4544,March,US,Montana
'34.8405-106.2485',0,43,0,34.8405,-106.2485,March,US,New Mexico
'47.5289-99.784',0,19,0,47.5289,-99.784,March,US,North Dakota
'44.2998-99.4388',0,14,1,44.2998,-99.4388,March,US,South Dakota
'38.4912-80.9545',0,7,0,38.4912,-80.9545,March,US,West Virginia
'42.756-107.3025',0,19,0,42.756,-107.3025,March,US,Wyoming
'35.9078127.7669',1540,8652,94,35.9078,127.7669,March,"Korea, South",Unknown
'46.22762.2137',12,12612,450,46.2276,2.2137,March,France,France
'55.3781-3.436',65,3983,177,55.3781,-3.436,March,United Kingdom,UK
'-16.2902-63.5887',0,15,0,-16.2902,-63.5887,March,Bolivia,Unknown
'15.2-86.2419',0,24,0,15.2,-86.2419,March,Honduras,Unknown
'46.5653-66.4619',0,11,0,46.5653,-66.4619,March,Canada,New Brunswick
'-4.038321.7587',0,18,0,-4.0383,21.7587,March,Congo (Kinshasa),Unknown
'7.54-5.5471',1,9,0,7.54,-5.5471,March,Cote d'Ivoire,Unknown
'18.1096-77.2975',2,16,1,18.1096,-77.2975,March,Jamaica,Unknown
'-21.115155.5364',0,28,0,-21.1151,55.5364,March,Reunion,Unknown
'38.963735.2433',0,359,4,38.9637,35.2433,March,Turkey,Unknown
'47.548-121.9836',1,83,17,47.548,-121.9836,March,US,"King County, WA"
'41.122-73.7949',0,98,0,41.122,-73.7949,March,US,"Westchester County, NY"
'48.033-121.8339',0,31,1,48.033,-121.8339,March,US,"Snohomish County, WA"
'40.7128-74.006',0,19,0,40.7128,-74.006,March,US,"New York County, NY"
'37.7749-122.4194',0,9,0,37.7749,-122.4194,March,US,"San Francisco County, CA"
'41.7377-87.6976',2,7,0,41.7377,-87.6976,March,US,"Cook County, IL"
'29.7752-95.3103',0,6,0,29.7752,-95.3103,March,US,"Harris County, TX"
'39.0916-120.8039',0,7,1,39.0916,-120.8039,March,US,"Placer County, CA"
'47.7511-120.7401',0,5,0,47.7511,-120.7401,March,US,"Unassigned Location, WA"
'40.9263-74.077',0,4,0,40.9263,-74.077,March,US,"Bergen County, NJ"
'40.6546-73.5594',0,17,0,40.6546,-73.5594,March,US,"Nassau County, NY"
'45.5017-73.5673',0,4,0,45.5017,-73.5673,March,Canada," Montreal, QC"
'37.8534-121.9018',0,12,0,37.8534,-121.9018,March,US,"Contra Costa County, CA"
'39.2587-104.9389',0,3,0,39.2587,-104.9389,March,US,"Douglas County, CO"
'29.5693-95.8143',0,6,0,29.5693,-95.8143,March,US,"Fort Bend County, TX"
'33.8034-84.3963',0,5,0,33.8034,-84.3963,March,US,"Fulton County, GA"
'33.2918-112.4291',1,3,0,33.2918,-112.4291,March,US,"Maricopa County, AZ"
'39.1547-77.2405',0,4,0,39.1547,-77.2405,March,US,"Montgomery County, MD"
'41.8882-71.4774',0,3,0,41.8882,-71.4774,March,US,"Providence County, RI"
'45.547-123.1386',0,8,0,45.547,-123.1386,March,US,"Washington County, OR"
'42.1767-71.1449',0,6,0,42.1767,-71.1449,March,US," Norfolk County, MA"
'37.6017-121.7195',0,2,0,37.6017,-121.7195,March,US,"Alameda County, CA"
'26.1901-80.3659',0,3,0,26.1901,-80.3659,March,US,"Broward County, FL"
'39.7392-104.9903',0,2,0,39.7392,-104.9903,March,US,"Denver County, CO"
'41.256-73.3709',0,2,0,41.256,-73.3709,March,US,"Fairfield County, CT"
'34.2829-85.2308',0,2,0,34.2829,-85.2308,March,US,"Floyd County, GA"
'43.9088-71.826',0,4,0,43.9088,-71.826,March,US,"Grafton County, NH"
'27.9904-82.3018',0,2,0,27.9904,-82.3018,March,US,"Hillsborough, FL"
'26.663-81.9535',0,2,1,26.663,-81.9535,March,US,"Lee County, FL"
'32.8162-111.2845',0,2,0,32.8162,-111.2845,March,US,"Pinal County, AZ"
'41.1489-73.983',0,4,0,41.1489,-73.983,March,US,"Rockland County, NY"
'37.563-122.3255',0,2,0,37.563,-122.3255,March,US,"San Mateo, CA"
'43.0324-73.936',0,2,0,43.0324,-73.936,March,US,"Saratoga County, NY"
'39.5912-106.064',0,2,0,39.5912,-106.064,March,US,"Summit County, CO"
'51.0447-114.0719',0,1,0,51.0447,-114.0719,March,Canada,"Calgary, Alberta"
'53.5461-113.4938',0,3,0,53.5461,-113.4938,March,Canada,"Edmonton, Alberta"
'32.7957-79.7848',0,1,0,32.7957,-79.7848,March,US,"Charleston County, SC"
'35.7211-79.1781',0,1,0,35.7211,-79.1781,March,US,"Chatham County, NC"
'36.0796-115.094',0,2,0,36.0796,-115.094,March,US,"Clark County, NV"
'45.7466-122.5194',0,1,0,45.7466,-122.5194,March,US,"Clark County, WA"
'33.8999-84.5641',0,3,0,33.8999,-84.5641,March,US,"Cobb County, GA"
'40.9629-112.0953',0,1,0,40.9629,-112.0953,March,US,"Davis County, UT"
'39.9078-75.3879',0,1,0,39.9078,-75.3879,March,US,"Delaware County, PA"
'41.3148-96.1951',0,3,0,41.3148,-96.1951,March,US,"Douglas County, NE"
'38.9108-104.4723',0,1,0,38.9108,-104.4723,March,US,"El Paso County, CO"
'38.0606-84.4803',0,1,0,38.0606,-84.4803,March,US,"Fayette County, KY"
'47.1981-119.3732',0,1,1,47.1981,-119.3732,March,US,"Grant County, WA"
'21.307-157.8584',0,2,0,21.307,-157.8584,March,US,"Honolulu County, HI"
'42.3345-122.7647',0,2,0,42.3345,-122.7647,March,US,"Jackson County, OR "
'47.7425-123.304',0,1,0,47.7425,-123.304,March,US,"Jefferson County, WA"
'34.3672-80.5883',0,4,0,34.3672,-80.5883,March,US,"Kershaw County, SC"
'42.6953-121.6142',0,1,0,42.6953,-121.6142,March,US,"Klamath County, OR"
'37.2519-119.6963',0,1,0,37.2519,-119.6963,March,US,"Madera County, CA"
'39.8362-86.1752',0,1,0,39.8362,-86.1752,March,US,"Marion County, IN"
'42.4672-71.2874',0,7,0,42.4672,-71.2874,March,US,"Middlesex County, MA"
'47.0676-122.1295',0,4,0,47.0676,-122.1295,March,US,"Pierce County, WA"
'42.1615-70.7928',0,1,0,42.1615,-70.7928,March,US,"Plymouth County, MA"
'44.9964-93.0616',0,1,0,44.9964,-93.0616,March,US,"Ramsey County, MN"
'36.9741-122.0308',0,1,0,36.9741,-122.0308,March,US,"Santa Cruz County, CA"
'30.769-86.9824',0,1,1,30.769,-86.9824,March,US,"Santa Rosa County, FL"
'27.3364-82.5307',0,1,0,27.3364,-82.5307,March,US,"Sarasota, FL"
'38.578-122.9888',0,3,0,38.578,-122.9888,March,US,"Sonoma County, CA"
'36.1593-95.941',0,1,0,36.1593,-95.941,March,US,"Tulsa County, OK"
'45.775-118.7606',0,1,0,45.775,-118.7606,March,US,"Umatilla, OR"
'35.8032-78.5661',0,1,0,35.8032,-78.5661,March,US,"Wake County, NC"
'40.5608-119.6035',0,2,0,40.5608,-119.6035,March,US,"Washoe County, NV"
'41.6739-75.2479',0,1,0,41.6739,-75.2479,March,US,"Wayne County, PA"
'35.9179-86.8622',0,1,0,35.9179,-86.8622,March,US,"Williamson County, TN"
'38.7646-121.9018',0,1,0,38.7646,-121.9018,March,US,"Yolo County, CA"
'30.3213-95.4778',0,0,0,30.3213,-95.4778,March,US,"Montgomery County, TX"
'41.824-71.4128',0,2,0,41.824,-71.4128,March,US,"Providence, RI"
'37.8715-122.273',0,1,0,37.8715,-122.273,March,US,"Berkeley, CA"
'45.5051-122.675',0,2,0,45.5051,-122.675,March,US,"Portland, OR"
'32.3182-86.9023',0,83,0,32.3182,-86.9023,March,US,Alabama
'48.019666.9237',0,49,3,48.0196,66.9237,March,Kazakhstan,Unknown
'6.4238-66.5897',0,42,0,6.4238,-66.5897,March,Venezuela,Unknown
'-32.5228-55.7658',0,94,0,-32.5228,-55.7658,March,Uruguay,Unknown
'16.265-61.551',0,45,0,16.265,-61.551,March,Guadeloupe,Unknown
'41.377564.5853',0,33,0,41.3775,64.5853,March,Uzbekistan,Unknown
'-21.135155.2471',0,9,0,-21.1351,55.2471,March,France,Reunion
'53.7609-98.8139',0,17,0,53.7609,-98.8139,March,Canada,Manitoba
'44.682-63.7443',0,15,0,44.682,-63.7443,March,Canada,Nova Scotia
'52.9399-106.4509',0,20,0,52.9399,-106.4509,March,Canada,Saskatchewan
'4-53',0,7,0,4,-53,March,France,French Guiana
'7.9465-1.0232',0,16,0,7.9465,-1.0232,March,Ghana,Unknown
'4.8604-58.9302',0,7,1,4.8604,-58.9302,March,Guyana,Unknown
'-1.940329.8739',0,17,0,-1.9403,29.8739,March,Rwanda,Unknown
'16.25-61.5833',0,6,0,16.25,-61.5833,March,France,Guadeloupe
'15.7835-90.2308',0,12,1,15.7835,-90.2308,March,Guatemala,Unknown
'21.5218-77.7812',0,16,1,21.5218,-77.7812,March,Cuba,Unknown
'9.14540.4897',0,9,0,9.145,40.4897,March,Ethiopia,Unknown
'10.6918-61.2225',0,9,0,10.6918,-61.2225,March,Trinidad and Tobago,Unknown
'18.2208-66.5901',0,14,0,18.2208,-66.5901,March,US,Puerto Rico
'-4.679655.492',0,7,0,-4.6796,55.492,March,Seychelles,Unknown
'12.5211-69.9683',0,5,0,12.5211,-69.9683,March,Aruba,Unknown
'53.1355-57.6604',0,4,0,53.1355,-57.6604,March,Canada,Newfoundland and Labrador
'-17.6797-149.4068',0,11,0,-17.6797,-149.4068,March,France,French Polynesia
'13.4443144.7937',0,14,0,13.4443,144.7937,March,Guam,Unknown
'-0.023637.9062',0,7,0,-0.0236,37.9062,March,Kenya,Unknown
'12.1696-68.99',0,3,1,12.1696,-68.99,March,Netherlands,Curacao
'-35.4735149.0124',0,6,0,-35.4735,149.0124,March,Australia,Australian Capital Territory
'13.1939-59.5432',0,5,0,13.1939,-59.5432,March,Barbados,Unknown
'42.602620.903',0,2,0,42.6026,20.903,March,Kosovo,Unknown
'42.708719.3744',0,14,0,42.7087,19.3744,March,Montenegro,Unknown
'-22.957618.4904',0,3,0,-22.9576,18.4904,March,Namibia,Unknown
'13.9094-60.9789',0,2,0,13.9094,-60.9789,March,Saint Lucia,Unknown
'18.3358-64.8963',0,3,0,18.3358,-64.8963,March,US,Virgin Islands
'17.0608-61.7964',0,1,0,17.0608,-61.7964,March,Antigua and Barbuda,Unknown
'9.30772.3158',0,2,0,9.3077,2.3158,March,Benin,Unknown
'46.5107-63.4168',0,2,0,46.5107,-63.4168,March,Canada,Prince Edward Island
'6.611120.9394',0,3,0,6.6111,20.9394,March,Central African Republic,Unknown
'-0.22815.8277',0,3,0,-0.228,15.8277,March,Congo (Brazzaville),Unknown
'1.650810.2679',0,6,0,1.6508,10.2679,March,Equatorial Guinea,Unknown
'-26.522531.4659',0,1,0,-26.5225,31.4659,March,Eswatini,Unknown
'-12.843145.1383',0,1,0,-12.8431,45.1383,March,France,Mayotte
'-0.803711.6094',0,3,1,-0.8037,11.6094,March,Gabon,Unknown
'72-40',0,1,0,72,-40,March,Greenland,Unknown
'9.9456-9.6966',0,1,0,9.9456,-9.6966,March,Guinea,Unknown
'6.4281-9.4295',0,2,0,6.4281,-9.4295,March,Liberia,Unknown
'21.0079-10.9408',0,2,0,21.0079,-10.9408,March,Mauritania,Unknown
'-12.827545.1662',0,6,0,-12.8275,45.1662,March,Mayotte,Unknown
'12.9843-61.2872',0,1,0,12.9843,-61.2872,March,Saint Vincent and the Grenadines,Unknown
'5.152146.1996',0,1,0,5.1521,46.1996,March,Somalia,Unknown
'12.862830.2176',0,2,1,12.8628,30.2176,March,Sudan,Unknown
'3.9193-56.0278',0,4,0,3.9193,-56.0278,March,Suriname,Unknown
'-6.36934.8888',0,6,0,-6.369,34.8888,March,Tanzania,Unknown
'24.25-76',0,1,0,24.25,-76,March,The Bahamas,Unknown
'13.4667-16.6',0,1,0,13.4667,-16.6,March,The Gambia,Unknown
'19.3133-81.2546',0,3,1,19.3133,-81.2546,March,United Kingdom,Cayman Islands
'49.45-2.58',0,1,0,49.45,-2.58,March,Guernsey,Unknown
'49.19-2.11',0,2,0,49.19,-2.11,March,Jersey,Unknown
'18.2-66.5',0,3,0,18.2,-66.5,March,Puerto Rico,Unknown
'-1.4415.556',0,1,0,-1.44,15.556,March,Republic of the Congo,Unknown
'40.7282-73.7949',0,1,0,40.7282,-73.7949,March,US,"Queens County, NY"
'25.0343-77.3963',0,3,0,25.0343,-77.3963,March,"Bahamas, The",Unknown
'41.204474.7661',0,6,0,41.2044,74.7661,March,Kyrgyzstan,Unknown
'-20.348457.5522',0,12,0,-20.3484,57.5522,March,Mauritius,Unknown
'71.7069-42.6043',0,2,0,71.7069,-42.6043,March,Denmark,Greenland
'-20.9043165.618',0,2,0,-20.9043,165.618,March,France,New Caledonia
'32.3078-64.7505',0,2,0,32.3078,-64.7505,March,United Kingdom,Bermuda
'-13.133927.8493',0,2,0,-13.1339,27.8493,March,Zambia,Unknown
'15.454218.7322',0,1,0,15.4542,18.7322,March,Chad,Unknown
'11.825142.5903',0,1,0,11.8251,42.5903,March,Djibouti,Unknown
'13.7942-88.8965',0,1,0,13.7942,-88.8965,March,El Salvador,Unknown
'-17.7134178.065',0,1,0,-17.7134,178.065,March,Fiji,Unknown
'13.4432-15.3101',0,1,0,13.4432,-15.3101,March,"Gambia, The",Unknown
'12.8654-85.2072',0,1,0,12.8654,-85.2072,March,Nicaragua,Unknown
'37.0902-95.7129',147,1,0,37.0902,-95.7129,March,US,US
'16.7425-62.1874',0,1,0,16.7425,-62.1874,March,United Kingdom,Montserrat
'-18.766946.8691',0,3,0,-18.7669,46.8691,March,Madagascar,Unknown
'18.9712-72.2852',0,2,0,18.9712,-72.2852,March,Haiti,Unknown
'-11.202717.8739',0,1,0,-11.2027,17.8739,March,Angola,Unknown
'16.5388-23.0418',0,1,0,16.5388,-23.0418,March,Cabo Verde,Unknown
'18.0425-63.0548',0,1,0,18.0425,-63.0548,March,Netherlands,Sint Maarten
'17.60788.0817',0,1,0,17.6078,8.0817,March,Niger,Unknown
'-6.315143.9555',0,1,0,-6.315,143.9555,March,Papua New Guinea,Unknown
'54.2361-4.5481',0,1,0,54.2361,-4.5481,March,United Kingdom,Isle of Man
'-2030',0,1,0,-20,30,March,Zimbabwe,Unknown
'40.229-75.3879',0,5,0,40.229,-75.3879,March,US,"Montgomery County, PA"
'41.6699-91.5984',0,3,0,41.6699,-91.5984,March,US,"Johnson County, IA"
'38.9085-77.2405',0,2,0,38.9085,-77.2405,March,US,"Fairfax County, VA"
'38.4333-84.3542',0,2,0,38.4333,-84.3542,March,US,"Harrison County, KY"
'39.8065-86.5401',0,2,0,39.8065,-86.5401,March,US,"Hendricks County, IN"
'27.4799-82.3452',0,2,0,27.4799,-82.3452,March,US,"Manatee County, FL"
'38.9072-77.0369',0,2,0,38.9072,-77.0369,March,US,"Washington, D.C."
'43.0279-73.135',0,1,0,43.0279,-73.135,March,US,"Bennington County, VT"
'42.3118-73.1822',0,1,0,42.3118,-73.1822,March,US,"Berkshire County, MA"
'44.8254-93.7842',0,1,0,44.8254,-93.7842,March,US,"Carver County, MN"
'26.8946-81.9098',0,1,0,26.8946,-81.9098,March,US,"Charlotte County, FL"
'34.2515-84.4803',0,1,0,34.2515,-84.4803,March,US,"Cherokee County, GA"
'33.1795-96.493',0,1,0,33.1795,-96.493,March,US,"Collin County, TX"
'36.1343-86.822',0,1,0,36.1343,-86.822,March,US,"Davidson County, TN"
'43.1261-123.2492',0,1,0,43.1261,-123.2492,March,US,"Douglas County, OR"
'36.9859-119.2321',0,1,0,36.9859,-119.2321,March,US,"Fresno County, CA"
'39.5839-76.3637',0,1,0,39.5839,-76.3637,March,US,"Harford County, MD"
'40.7453-74.0535',0,1,0,40.7453,-74.0535,March,US,"Hudson County, NJ"
'38.1938-85.6435',0,1,0,38.1938,-85.6435,March,US,"Jefferson County, KY"
'29.6499-90.1121',0,1,0,29.6499,-90.1121,March,US,"Jefferson Parish, LA"
'38.8454-94.8521',0,1,0,38.8454,-94.8521,March,US,"Johnson County, KS"
'47.175-120.9319',0,1,0,47.175,-120.9319,March,US,"Kittitas County, WA"
'44.8446-122.5927',0,1,0,44.8446,-122.5927,March,US,"Marion County, OR"
'30.5773-86.6611',0,1,0,30.5773,-86.6611,March,US,"Okaloosa County, FL"
'34.0132-85.1479',0,1,0,34.0132,-85.1479,March,US,"Polk County, GA"
'33.9533-117.3961',0,1,0,33.9533,-117.3961,March,US,"Riverside County, CA"
'42.9931-71.0498',0,2,0,42.9931,-71.0498,March,US,"Rockingham County, NH"
'40.7909-121.8474',0,1,0,40.7909,-121.8474,March,US,"Shasta County, CA"
'35.1269-89.9253',0,1,0,35.1269,-89.9253,March,US,"Shelby County, TN"
'34.8606-81.9535',0,1,0,34.8606,-81.9535,March,US,"Spartanburg County, SC"
'47.6587-117.4225',0,1,0,47.6587,-117.4225,March,US,"Spokane County, WA"
'38.6103-90.4125',0,1,0,38.6103,-90.4125,March,US,"St. Louis County, MO"
'40.9849-72.6151',0,1,0,40.9849,-72.6151,March,US,"Suffolk County, NY"
'41.8586-74.3118',0,1,0,41.8586,-74.3118,March,US,"Ulster County, NY"
'42.4072-71.3824',0,1,0,42.4072,-71.3824,March,US,"Unknown Location, MA"
'29.028-81.0755',0,1,0,29.028,-81.0755,March,US,"Volusia County, FL"
'53.1424-7.6921',0,21,0,53.1424,-7.6921,March,Republic of Ireland,Unknown
'44.3378-72.7563',0,1,0,44.3378,-72.7563,March,US,"Unassigned Location, VT"
